{"maps_x":{"0":32.15116061,"1":32.50109692,"2":34.0609176,"3":31.78736436,"4":31.85609375,"5":32.0040508,"6":32.01714388,"7":34.51808169,"8":33.5957508,"9":33.80079985,"10":34.87989823,"11":32.54958566,"12":31.9277014,"13":33.64972706,"14":31.33741866,"15":31.67237212,"16":32.46085652,"17":31.93853452,"18":31.82575449,"19":32.53643602,"20":31.83505429,"21":31.36797299,"22":31.35504663,"23":34.61005169,"24":34.71899319,"25":31.68063411,"26":31.38776851,"27":32.08921915,"28":31.97071931,"29":32.07040324,"30":34.3186003,"31":31.85879821,"32":31.72503179,"33":32.44736435,"34":32.38539022,"35":33.68378589,"36":34.1131213,"37":33.75568858,"38":31.33182843,"39":31.4236797,"40":31.37399785,"41":31.34323856,"42":32.53107144,"43":31.56055642,"44":31.58904959,"45":31.58730859,"46":31.50023548,"47":34.19328548,"48":32.12499198,"49":34.38191288,"50":34.26659478,"51":34.26888647,"52":33.38400711,"53":33.45009778,"54":31.38241353,"55":33.79224459,"56":32.39193541,"57":31.31370693,"58":32.19924481,"59":32.15427458},"maps_y":{"0":119.0501134,"1":120.8764159,"2":119.8548169,"3":119.9684986,"4":119.9507878,"5":119.5879181,"6":119.6661795,"7":118.762896,"8":119.6119147,"9":119.9336437,"10":119.1062472,"11":120.499945,"12":121.1773679,"13":119.0278751,"14":121.0411319,"15":120.1975,"16":119.5735675,"17":118.8936002,"18":118.5906624,"19":120.1138296,"20":118.9749071,"21":120.9529588,"22":120.9465453,"23":119.1573083,"24":119.3352674,"25":119.0910315,"26":119.497453,"27":118.7920932,"28":118.7927393,"29":120.8560435,"30":117.9533512,"31":121.6407924,"32":120.062606,"33":121.1725531,"34":120.6017916,"35":120.0145089,"36":118.7587671,"37":118.7085778,"38":120.6064903,"39":120.6390472,"40":120.5207617,"41":120.7064736,"42":119.9756461,"43":119.269114,"44":120.3009211,"45":120.3017421,"46":120.3873141,"47":119.6829809,"48":118.9079662,"49":118.341556,"50":117.2016314,"51":117.2992648,"52":120.1689577,"53":120.0975333,"54":120.8577648,"55":118.3616826,"56":119.34552,"57":119.8090318,"58":119.4270212,"59":119.4188882},"name":{"0":"Baohuashan Railway Station","1":"Bencha Railway Station","2":"Binhai Port Railway Station","3":"Changzhou Railway Station","4":"Changzhou North Railway Station","5":"Danyang Railway Station","6":"Danyang North Railway Station","7":"Donghai County Railway Station","8":"Suining Railway Station","9":"Suining East Railway Station","10":"Ganyu Railway Station","11":"Haian Railway Station","12":"Haimen Railway Station","13":"Huaian Railway Station","14":"Huaqiao Railway Station","15":"Huishan Railway Station","16":"Jiangdu Railway Station","17":"Jiangning Railway Station","18":"Jiangning West Railway Station","19":"Jiangyan Railway Station","20":"Jurong West Railway Station","21":"Kunshan Railway Station","22":"Kunshan South Railway Station","23":"Lianyungang Railway Station","24":"Lianyungang East Railway Station","25":"Fushui Railway Station","26":"Fuyang Railway Station","27":"Nanjing Railway Station","28":"Nanjing South Railway Station","29":"Nantong Railway Station","30":"Zhangzhou Railway Station","31":"Qidong Railway Station","32":"Qishuyan Railway Station","33":"Rudong Railway Station","34":"Rugao Railway Station","35":"Sheyang Railway Station","36":"Fuyang Railway Station","37":"Fuyang Railway Station","38":"Suzhou Railway Station","39":"Suzhou North Railway Station","40":"Suzhou New District Railway Station","41":"Suzhou Park Railway Station","42":"Taizhou Railway Station","43":"Wawushan Railway Station","44":"Wuxi Railway Station","45":"Wuxi East Railway Station","46":"Wuxi New District Railway Station","47":"Xiangshui County Railway Station","48":"Xianlin Railway Station","49":"Xinyi Railway Station","50":"Xuzhou Railway Station","51":"Xuzhou East Railway Station","52":"Yancheng Railway Station","53":"Yancheng North Railway Station","54":"Yangcheng Lake Railway Station","55":"Yanghe Railway Station","56":"Yangzhou Railway Station","57":"Yixing Railway Station","58":"Zhenjiang Railway Station","59":"Zhenjiang South Railway Station"}}