{"maps_x":{"0":31.31630179,"1":31.00749679,"2":31.0814381,"3":30.89634238,"4":30.73021659,"5":30.83183354,"6":31.28331466,"7":31.25152475,"8":31.19614412,"9":31.1549732,"10":31.26470384,"11":31.00223705,"12":30.98538666,"13":30.89630483,"14":31.06125093,"15":30.94182338},"maps_y":{"0":121.1536002,"1":121.3159831,"2":121.3496258,"3":121.0849065,"4":121.3583511,"5":121.3631912,"6":121.3043065,"7":121.4510227,"8":121.3160628,"9":121.4248408,"10":121.3981273,"11":121.2228656,"12":121.2257797,"13":121.3540937,"14":121.319188,"15":121.3247212},"name":{"0":"Anting North Railway Station","1":"Chedun Railway Station","2":"Chunshen Railway Station","3":"Jinshan North Railway Station","4":"Jinshanwei Railway Station","5":"Jinshan Park Railway Station","6":"Nanxiang North Railway Station","7":"Shanghai train station","8":"Shanghai Hongqiao Railway Station","9":"Shanghai South Railway Station","10":"Shanghai West Railway Station","11":"Songjiang Railway Station","12":"Songjiang South Railway Station","13":"Tinglin Railway Station","14":"Xinqiao Railway Station","15":"Ye Hao Railway Station"}}