{"maps_x":{"0":27.53083599,"1":28.92534025,"2":30.99209283,"3":30.99209283,"4":30.54694772,"5":30.53781257,"6":29.63058771,"7":30.00326939,"8":30.53603079,"9":30.4411153,"10":30.24592575,"11":30.29347871,"12":30.8648736,"13":29.5760314,"14":28.77591569,"15":30.85256653,"16":30.79040238,"17":30.76676718,"18":30.69323484,"19":29.11368932,"20":29.11714694,"21":28.66360459,"22":28.68068812,"23":28.99451721,"24":29.21643464,"25":28.08797801,"26":28.88306998,"27":28.44517652,"28":29.00605871,"29":29.86405529,"30":29.33844341,"31":22.69460916,"32":27.62922761,"33":29.7384477,"34":28.13964677,"35":28.92752091,"36":27.77024759,"37":28.4813436,"38":31.58921359,"39":30.00376484,"40":30.01689277,"41":30.1022569,"42":30.10257179,"43":28.19991505,"44":28.6889031,"45":29.79234524,"46":30.53992373,"47":28.48216646,"48":27.98345542,"49":27.96919194,"50":28.91131319,"51":28.9853856,"52":28.34450295,"53":29.38087641,"54":28.07279875,"55":28.91244799,"56":28.85384014,"57":30.38317158,"58":30.05691132,"59":30.10098602,"60":29.92597466,"61":29.73006346},"maps_y":{"0":120.4075356,"1":118.5560107,"2":119.8999918,"3":119.8999918,"4":120.0556401,"5":119.9536097,"6":121.4601725,"7":119.9873305,"8":120.6811857,"9":120.3868893,"10":120.1783866,"11":120.2083685,"12":120.0189277,"13":119.4224241,"14":118.6394521,"15":120.9141701,"16":120.9312388,"17":120.7591486,"18":120.7955505,"19":119.6312363,"20":119.7338481,"21":120.0906815,"22":120.0514226,"23":118.3565106,"24":119.4746902,"25":120.8552164,"26":121.2424316,"27":119.9494678,"28":119.1603617,"29":121.5321371,"30":121.4158381,"31":114.1198699,"32":120.5411954,"33":119.1865031,"34":120.2753993,"35":118.8761747,"36":120.578426,"37":121.3211568,"38":120.2986991,"39":120.8529061,"40":120.5753469,"41":120.5344199,"42":120.5338356,"43":120.9877241,"44":121.2858617,"45":119.7275008,"46":120.5632133,"47":121.3205409,"48":120.6810376,"49":120.58144,"50":119.8260415,"51":119.8448678,"52":121.1477868,"53":120.0386637,"54":120.6914576,"55":120.0163472,"56":120.0194051,"57":120.2915465,"58":121.1568431,"59":121.163844,"60":121.5313746,"61":120.180737},"name":{"0":"Cangnan Railway Station","1":"Changshan Railway Station","2":"Changxing Railway Station","3":"Changxing South Railway Station","4":"Deqing Railway Station","5":"Deqing West Railway Station","6":"Fenghua Railway Station","7":"Fuyang Railway Station","8":"Haining Railway Station","9":"Haining West Railway Station","10":"Hangzhou Railway Station","11":"Hangzhou East Railway Station","12":"Huzhou Railway Station","13":"Jiande Railway Station","14":"Jiangshan Railway Station","15":"Jiashan Railway Station","16":"Jiashan South Railway Station","17":"Jiaxing Railway Station","18":"Jiaxing South Railway Station","19":"Jinhua Railway Station","20":"Jinhua South Railway Station","21":"Jinyun Railway Station","22":"Jinyun West Railway Station","23":"Kaihua Railway Station","24":"Lanxi Railway Station","25":"Yueqing Railway Station","26":"Linhai Railway Station","27":"Lishui Railway Station","28":"Longyou Railway Station","29":"Ningbo Railway Station","30":"Ninghai Railway Station","31":"Pinghu Railway Station","32":"Pingyang Railway Station","33":"Qiandaohu Railway Station","34":"Qingtian Railway Station","35":"Zhangzhou Railway Station","36":"Ryan Railway Station","37":"Sanmen County Railway Station","38":"Sanyang Railway Station","39":"Shangyu Railway Station","40":"Shaoxing Railway Station","41":"Shaoxing North Railway Station","42":"Shaoxing East Railway Station","43":"Weifang Railway Station","44":"Taizhou Railway Station","45":"Tonglu Railway Station","46":"Tongxiang Railway Station","47":"Wenling Railway Station","48":"Wenzhou Railway Station","49":"Wenzhou South Railway Station","50":"Wuyi Railway Station","51":"Wuyi North Railway Station","52":"Yandangshan Railway Station","53":"Yiwu Railway Station","54":"Yongjia Railway Station","55":"Yongkang Railway Station","56":"Yongkang South Railway Station","57":"Yuhang Railway Station","58":"Yuyao Railway Station","59":"Yuyao North Railway Station","60":"Zhuangqiao Railway Station","61":"Zhuji Railway Station"}}